{"best_model": "Random Forest", "accuracy": 0.9853658536585366, "all_results": {"Random Forest": 0.9853658536585366, "Gradient Boosting": 0.9317073170731708, "Logistic Regression": 0.7951219512195122, "SVM": 0.8878048780487805}, "features": ["age", "sex", "cp", "trestbps", "chol", "fbs", "restecg", "thalach", "exang", "oldpeak", "slope", "ca", "thal"], "feature_importances": {"age": 0.07790831761825727, "sex": 0.028731063614836953, "cp": 0.13507197453533204, "trestbps": 0.07117087529075947, "chol": 0.07482220268882704, "fbs": 0.008443602064153139, "restecg": 0.018556906142942732, "thalach": 0.12216864549468961, "exang": 0.05759449379975219, "oldpeak": 0.121904718442662, "slope": 0.04578200610925984, "ca": 0.1273270473259574, "thal": 0.11051814687257032}, "needs_scaling": false}